{
  "original_data": [
    [
      1000.0,
      402.0232856807389
    ],
    [
      1210.5263157894738,
      322.4089654330713
    ],
    [
      1421.0526315789473,
      251.543422271866
    ],
    [
      1631.578947368421,
      8.5
    ],
    [
      1842.1052631578946,
      136.18213068211077
    ],
    [
      2052.6315789473683,
      91.83164694618573
    ],
    [
      2263.157894736842,
      56.333085564848986
    ],
    [
      2473.684210526316,
      29.671750450579022
    ],
    [
      2684.210526315789,
      12.3
    ],
    [
      2894.7368421052633,
      3.2478834456278474
    ],
    [
      3105.2631578947367,
      3.072890421918863
    ],
    [
      3315.7894736842104,
      11.941759888564139
    ],
    [
      3526.315789473684,
      29.733257012566455
    ],
    [
      3736.842105263158,
      56.2642465282379
    ],
    [
      3947.368421052631,
      91.71079226190115
    ],
    [
      4157.894736842105,
      6.7
    ],
    [
      4368.421052631578,
      189.26520808641075
    ],
    [
      4578.9473684210525,
      251.33273771473364
    ],
    [
      4789.473684210527,
      322.20957283847815
    ],
    [
      5000.0,
      402.17713794819184
    ]
  ],
  "iqr_clean_data": [
    [
      1000.0,
      402.0232856807389
    ],
    [
      1210.5263157894738,
      322.4089654330713
    ],
    [
      1421.0526315789473,
      251.543422271866
    ],
    [
      1631.578947368421,
      8.5
    ],
    [
      1842.1052631578946,
      136.18213068211077
    ],
    [
      2052.6315789473683,
      91.83164694618573
    ],
    [
      2263.157894736842,
      56.333085564848986
    ],
    [
      2473.684210526316,
      29.671750450579022
    ],
    [
      2684.210526315789,
      12.3
    ],
    [
      2894.7368421052633,
      3.2478834456278474
    ],
    [
      3105.2631578947367,
      3.072890421918863
    ],
    [
      3315.7894736842104,
      11.941759888564139
    ],
    [
      3526.315789473684,
      29.733257012566455
    ],
    [
      3736.842105263158,
      56.2642465282379
    ],
    [
      3947.368421052631,
      91.71079226190115
    ],
    [
      4157.894736842105,
      6.7
    ],
    [
      4368.421052631578,
      189.26520808641075
    ],
    [
      4578.9473684210525,
      251.33273771473364
    ],
    [
      4789.473684210527,
      322.20957283847815
    ],
    [
      5000.0,
      402.17713794819184
    ]
  ],
  "iqr_outliers": [],
  "residual_clean_data": [
    [
      1000.0,
      402.0232856807389
    ],
    [
      1210.5263157894738,
      322.4089654330713
    ],
    [
      1421.0526315789473,
      251.543422271866
    ],
    [
      1842.1052631578946,
      136.18213068211077
    ],
    [
      2052.6315789473683,
      91.83164694618573
    ],
    [
      2263.157894736842,
      56.333085564848986
    ],
    [
      2473.684210526316,
      29.671750450579022
    ],
    [
      2684.210526315789,
      12.3
    ],
    [
      2894.7368421052633,
      3.2478834456278474
    ],
    [
      3105.2631578947367,
      3.072890421918863
    ],
    [
      3315.7894736842104,
      11.941759888564139
    ],
    [
      3526.315789473684,
      29.733257012566455
    ],
    [
      3736.842105263158,
      56.2642465282379
    ],
    [
      3947.368421052631,
      91.71079226190115
    ],
    [
      4368.421052631578,
      189.26520808641075
    ],
    [
      4578.9473684210525,
      251.33273771473364
    ],
    [
      4789.473684210527,
      322.20957283847815
    ],
    [
      5000.0,
      402.17713794819184
    ]
  ],
  "residual_outliers": [
    [
      1631.578947368421,
      8.5
    ],
    [
      4157.894736842105,
      6.7
    ]
  ]
}